age,workclass,fnlwgt,education,education-num,marital-status,occupation,relationship,race,sex,capital-gain,capital-loss,hours-per-week,native-country,income
48,Private,168294,HS-grad,9,Married-civ-spouse,Craft-repair,Wife,White,Female,0,0,40,United-States,<=50K
32,Private,211678,Some-college,10,Never-married,Machine-op-inspct,Own-child,White,Male,0,0,40,United-States,<=50K
43,Federal-gov,249409,HS-grad,9,Never-married,Other-service,Own-child,White,Male,0,0,40,United-States,<=50K
49,Private,205019,Assoc-acdm,12,Divorced,Exec-managerial,Unmarried,White,Female,0,0,40,United-States,<=50K
32,Local-gov,186824,HS-grad,9,Never-married,Machine-op-inspct,Unmarried,White,Male,0,0,40,United-States,<=50K
37,Private,280464,Some-college,10,Married-civ-spouse,Exec-managerial,Husband,White,Male,0,0,80,United-States,>50K
23,Local-gov,190709,Assoc-acdm,12,Never-married,Protective-serv,Not-in-family,White,Male,0,0,52,United-States,<=50K
46,Private,216666,5th-6th,3,Married-civ-spouse,Machine-op-inspct,Husband,White,Male,0,0,40,Mexico,<=50K
49,Private,160187,9th,5,Married-spouse-absent,Other-service,Not-in-family,Black,Female,0,0,16,Jamaica,<=50K
54,Private,346253,HS-grad,9,Divorced,Sales,Own-child,White,Male,0,0,35,United-States,<=50K
34,Private,155537,HS-grad,9,Married-civ-spouse,Craft-repair,Wife,White,Female,0,0,40,United-States,<=50K
53,Private,188300,Some-college,10,Never-married,Tech-support,Own-child,White,Female,0,0,40,United-States,<=50K
50,Self-emp-not-inc,191277,Doctorate,16,Married-civ-spouse,Prof-specialty,Husband,White,Male,0,1902,60,United-States,>50K
45,Private,386940,Bachelors,13,Divorced,Exec-managerial,Own-child,White,Male,0,1408,40,United-States,<=50K
47,Self-emp-not-inc,109832,HS-grad,9,Divorced,Exec-managerial,Not-in-family,White,Male,0,0,60,United-States,<=50K
53,Private,346253,HS-grad,9,Divorced,Sales,Own-child,White,Male,0,0,35,United-States,<=50K
31,Private,125927,Bachelors,13,Married-civ-spouse,Exec-managerial,Husband,White,Male,0,0,50,United-States,<=50K
40,Private,193524,Doctorate,16,Married-civ-spouse,Prof-specialty,Husband,White,Male,0,0,60,United-States,>50K
25,Private,212563,Some-college,10,Married-civ-spouse,Machine-op-inspct,Husband,Black,Male,0,0,40,United-States,<=50K
43,Self-emp-not-inc,88506,Bachelors,13,Married-civ-spouse,Prof-specialty,Husband,White,Male,0,0,40,United-States,<=50K
19,Private,118213,Some-college,10,Never-married,Farming-fishing,Own-child,White,Male,0,0,40,United-States,<=50K
34,Private,245487,7th-8th,4,Married-civ-spouse,Transport-moving,Husband,Amer-Indian-Eskimo,Male,0,0,45,Mexico,<=50K
40,Private,188146,HS-grad,9,Married-civ-spouse,Machine-op-inspct,Husband,White,Male,5013,0,40,United-States,<=50K
59,Federal-gov,76845,9th,5,Married-civ-spouse,Farming-fishing,Husband,Black,Male,0,0,40,United-States,<=50K
43,Self-emp-not-inc,292175,Masters,14,Divorced,Exec-managerial,Unmarried,White,Female,0,0,45,United-States,>50K
29,Local-gov,268234,HS-grad,9,Married-civ-spouse,Protective-serv,Husband,White,Male,0,0,40,United-States,>50K
57,Federal-gov,251585,Bachelors,13,Divorced,Exec-managerial,Not-in-family,White,Male,0,0,55,United-States,>50K
76,Private,124191,Masters,14,Married-civ-spouse,Exec-managerial,Husband,White,Male,0,0,40,United-States,>50K
59,Private,211678,Some-college,10,Married-civ-spouse,Machine-op-inspct,Husband,White,Male,0,0,40,United-States,<=50K
76,Private,124191,Masters,14,Married-civ-spouse,Exec-managerial,Husband,White,Male,0,0,40,United-States,>50K
41,Private,215646,HS-grad,9,Divorced,Handlers-cleaners,Not-in-family,White,Male,0,0,40,United-States,<=50K
37,Private,309634,11th,7,Married-civ-spouse,Sales,Husband,White,Male,0,0,70,United-States,<=50K
32,Private,122272,Bachelors,13,Married-civ-spouse,Sales,Husband,White,Male,0,0,40,United-States,<=50K
53,Private,54368,HS-grad,9,Never-married,Other-service,Own-child,White,Female,0,0,40,United-States,>50K
30,Private,56352,Assoc-voc,11,Never-married,Other-service,Own-child,White,Male,0,0,40,Puerto-Rico,<=50K
33,Private,212563,Some-college,10,Married-civ-spouse,Machine-op-inspct,Husband,White,Male,0,0,40,United-States,<=50K
42,Private,159449,Bachelors,13,Married-civ-spouse,Exec-managerial,Husband,White,Male,5178,0,40,United-States,>50K
43,Self-emp-inc,109832,HS-grad,9,Divorced,Exec-managerial,Not-in-family,White,Male,0,0,60,United-States,<=50K
47,Self-emp-not-inc,83311,Bachelors,13,Married-civ-spouse,Exec-managerial,Wife,White,Female,0,0,13,United-States,<=50K
32,Private,189265,HS-grad,9,Never-married,Adm-clerical,Not-in-family,White,Male,0,0,40,United-States,<=50K
39,Private,186824,HS-grad,9,Never-married,Sales,Own-child,White,Female,0,0,40,United-States,<=50K
57,Private,116632,Doctorate,16,Married-civ-spouse,Prof-specialty,Husband,White,Male,0,0,45,United-States,>50K
24,Private,544091,HS-grad,9,Married-AF-spouse,Adm-clerical,Husband,White,Male,0,0,25,United-States,<=50K
47,Private,51618,HS-grad,9,Married-civ-spouse,Other-service,Wife,Black,Female,0,0,40,United-States,<=50K
32,Private,186824,HS-grad,9,Never-married,Machine-op-inspct,Unmarried,White,Male,0,0,40,United-States,<=50K
53,Private,59496,Bachelors,13,Married-civ-spouse,Sales,Husband,White,Male,2407,0,40,United-States,<=50K
53,Private,188300,Some-college,10,Never-married,Tech-support,Own-child,White,Female,0,0,40,United-States,<=50K
44,Private,147372,HS-grad,9,Divorced,Adm-clerical,Own-child,White,Female,0,0,48,United-States,<=50K
57,Private,28357,Bachelors,13,Married-civ-spouse,Sales,Husband,White,Male,0,0,40,United-States,>50K
48,Self-emp-not-inc,265477,Assoc-acdm,12,Married-civ-spouse,Prof-specialty,Husband,White,Male,0,0,40,United-States,<=50K
49,Private,171095,Assoc-acdm,12,Divorced,Exec-managerial,Unmarried,White,Male,0,0,40,England,<=50K
59,Private,209642,HS-grad,9,Married-civ-spouse,Exec-managerial,Husband,White,Male,0,0,45,United-States,>50K
59,Private,245487,7th-8th,4,Married-civ-spouse,Sales,Husband,White,Male,2407,0,48,Mexico,<=50K
32,Private,147372,HS-grad,9,Married-civ-spouse,Adm-clerical,Husband,White,Male,0,0,48,United-States,<=50K
43,Federal-gov,76845,9th,5,Married-civ-spouse,Farming-fishing,Husband,Black,Male,0,0,40,United-States,<=50K
25,Self-emp-inc,103432,HS-grad,9,Never-married,Craft-repair,Not-in-family,White,Male,0,0,40,United-States,<=50K
53,Private,245487,7th-8th,4,Married-civ-spouse,Other-service,Wife,White,Female,0,0,40,Mexico,<=50K
47,Self-emp-not-inc,83311,Bachelors,13,Married-civ-spouse,Exec-managerial,Husband,White,Male,0,0,13,United-States,<=50K
48,Self-emp-not-inc,83311,Bachelors,13,Married-civ-spouse,Exec-managerial,Husband,White,Male,0,0,13,United-States,<=50K
46,Private,51618,HS-grad,9,Married-civ-spouse,Other-service,Wife,White,Female,0,0,40,United-States,<=50K
39,Private,109015,HS-grad,9,Divorced,Tech-support,Unmarried,White,Male,0,0,40,United-States,<=50K
29,Local-gov,268234,HS-grad,9,Married-civ-spouse,Protective-serv,Husband,White,Male,0,0,40,United-States,>50K
18,Private,266015,Some-college,10,Never-married,Sales,Own-child,White,Male,0,0,44,United-States,<=50K
53,Private,240464,Some-college,10,Married-civ-spouse,Exec-managerial,Husband,White,Male,0,0,80,United-States,>50K
19,Private,544091,HS-grad,9,Married-AF-spouse,Adm-clerical,Wife,White,Female,0,0,25,United-States,<=50K
38,Private,198282,Bachelors,13,Married-civ-spouse,Exec-managerial,Husband,White,Male,15024,0,60,United-States,>50K
38,Private,197200,Some-college,10,Never-married,Machine-op-inspct,Own-child,White,Male,0,0,40,United-States,<=50K
50,Private,343591,HS-grad,9,Divorced,Craft-repair,Not-in-family,Other,Female,14344,0,40,United-States,>50K
42,Private,141297,Bachelors,13,Married-civ-spouse,Prof-specialty,Husband,White,Male,0,0,40,United-States,>50K
43,Private,284582,Masters,14,Married-civ-spouse,Prof-specialty,Wife,White,Female,0,0,50,United-States,<=50K
49,Private,302146,HS-grad,9,Separated,Other-service,Unmarried,Black,Female,0,0,20,United-States,<=50K
19,Private,101509,Some-college,10,Never-married,Prof-specialty,Own-child,White,Male,0,0,32,United-States,<=50K
19,Private,155537,HS-grad,9,Married-civ-spouse,Adm-clerical,Wife,White,Female,0,0,40,United-States,<=50K
79,Private,124744,Some-college,10,Married-civ-spouse,Prof-specialty,Other-relative,White,Male,0,0,20,United-States,<=50K
23,State-gov,76845,9th,5,Married-civ-spouse,Farming-fishing,Husband,White,Male,0,0,40,United-States,<=50K
49,Private,159937,HS-grad,9,Separated,Machine-op-inspct,Unmarried,White,Female,0,0,40,United-States,<=50K
43,Private,122272,Bachelors,13,Married-civ-spouse,Sales,Husband,White,Male,0,0,70,United-States,<=50K
50,Federal-gov,76845,9th,5,Married-civ-spouse,Farming-fishing,Husband,White,Male,0,0,40,United-States,<=50K
47,Self-emp-not-inc,162298,Bachelors,13,Married-civ-spouse,Sales,Husband,White,Male,0,0,70,United-States,>50K
47,Private,346253,HS-grad,9,Divorced,Sales,Own-child,White,Female,0,0,35,United-States,<=50K
32,Private,141297,Bachelors,13,Married-civ-spouse,Prof-specialty,Husband,White,Male,0,0,40,United-States,>50K
35,Private,234721,11th,7,Married-civ-spouse,Handlers-cleaners,Husband,White,Male,0,0,40,United-States,<=50K
31,Private,367260,HS-grad,9,Divorced,Exec-managerial,Not-in-family,White,Male,0,0,80,United-States,<=50K
47,Private,32275,Assoc-acdm,12,Married-civ-spouse,Adm-clerical,Wife,White,Female,0,0,40,United-States,<=50K
39,Private,211678,Some-college,10,Married-civ-spouse,Machine-op-inspct,Husband,White,Male,0,0,43,United-States,<=50K
42,Private,147372,HS-grad,9,Married-civ-spouse,Adm-clerical,Husband,Black,Male,0,0,48,United-States,<=50K
44,Private,128354,Masters,14,Divorced,Exec-managerial,Unmarried,White,Female,0,0,40,United-States,<=50K
32,Federal-gov,249409,HS-grad,9,Never-married,Other-service,Own-child,Black,Male,0,0,40,United-States,<=50K
29,Private,155537,HS-grad,9,Married-civ-spouse,Craft-repair,Husband,White,Male,0,0,40,United-States,<=50K
29,Private,186824,HS-grad,9,Never-married,Machine-op-inspct,Unmarried,White,Male,0,0,40,United-States,<=50K
30,Private,188146,HS-grad,9,Married-civ-spouse,Machine-op-inspct,Husband,White,Male,5013,0,40,United-States,<=50K
44,Private,171095,Assoc-acdm,12,Divorced,Exec-managerial,Unmarried,White,Female,0,0,40,England,<=50K
23,Local-gov,190709,Assoc-acdm,12,Never-married,Protective-serv,Not-in-family,White,Male,0,0,52,United-States,<=50K
35,Private,56352,Assoc-voc,11,Married-civ-spouse,Other-service,Husband,White,Male,0,0,40,Puerto-Rico,<=50K
39,State-gov,77516,Bachelors,13,Never-married,Adm-clerical,Not-in-family,White,Male,2174,0,40,United-States,<=50K
52,Private,211678,Some-college,10,Married-civ-spouse,Machine-op-inspct,Husband,White,Male,0,0,40,United-States,<=50K
37,Private,155537,HS-grad,9,Divorced,Craft-repair,Not-in-family,White,Female,0,0,40,United-States,<=50K
42,Private,160187,9th,5,Married-spouse-absent,Other-service,Not-in-family,White,Male,0,0,16,Jamaica,<=50K
54,Private,302146,HS-grad,9,Separated,Other-service,Unmarried,Black,Female,0,0,20,United-States,<=50K
53,Private,338409,Bachelors,13,Married-civ-spouse,Prof-specialty,Wife,White,Female,0,0,40,Cuba,<=50K
44,Private,128354,Masters,14,Divorced,Exec-managerial,Unmarried,White,Male,0,0,40,United-States,<=50K
49,Private,194901,11th,7,Never-married,Handlers-cleaners,Own-child,White,Male,0,0,40,United-States,<=50K
30,Private,386940,Bachelors,13,Divorced,Exec-managerial,Own-child,White,Male,0,1408,40,United-States,<=50K
42,Private,117037,11th,7,Married-civ-spouse,Transport-moving,Husband,White,Male,0,2042,40,United-States,<=50K
29,Local-gov,268234,HS-grad,9,Married-civ-spouse,Protective-serv,Husband,White,Male,0,0,40,United-States,>50K
41,Private,116632,HS-grad,9,Married-civ-spouse,Craft-repair,Husband,White,Male,0,0,40,United-States,<=50K
23,Local-gov,190709,Assoc-acdm,12,Never-married,Protective-serv,Not-in-family,White,Male,0,0,52,United-States,<=50K
29,Private,271466,Assoc-voc,11,Never-married,Prof-specialty,Not-in-family,White,Male,0,0,43,United-States,<=50K
53,Private,346253,HS-grad,9,Divorced,Sales,Own-child,White,Female,0,0,35,United-States,<=50K
79,Private,124744,Some-college,10,Married-civ-spouse,Prof-specialty,Other-relative,White,Male,0,0,20,United-States,<=50K
32,Private,205019,Assoc-acdm,12,Never-married,Sales,Not-in-family,White,Male,0,0,50,United-States,<=50K
31,Local-gov,226296,Bachelors,13,Married-civ-spouse,Protective-serv,Husband,White,Male,0,0,40,United-States,>50K
44,Private,183175,Some-college,10,Divorced,Adm-clerical,Not-in-family,White,Female,0,0,40,United-States,<=50K
30,Private,54334,9th,5,Never-married,Sales,Not-in-family,White,Male,0,0,40,United-States,<=50K
42,Private,159449,Bachelors,13,Married-civ-spouse,Exec-managerial,Husband,White,Male,5178,0,40,United-States,>50K
49,Self-emp-not-inc,346253,HS-grad,9,Divorced,Sales,Own-child,White,Female,0,0,35,United-States,<=50K
48,Self-emp-inc,302146,HS-grad,9,Separated,Other-service,Unmarried,Black,Female,0,0,20,United-States,<=50K
43,Private,237993,Some-college,10,Married-civ-spouse,Tech-support,Husband,White,Male,0,0,40,United-States,>50K
41,Private,51618,HS-grad,9,Married-civ-spouse,Other-service,Husband,White,Male,0,0,40,United-States,<=50K
25,Self-emp-not-inc,176756,HS-grad,9,Never-married,Farming-fishing,Own-child,White,Male,0,0,35,United-States,<=50K
41,Private,147372,HS-grad,9,Married-civ-spouse,Adm-clerical,Husband,White,Male,0,0,48,United-States,<=50K
41,Private,116632,Doctorate,16,Married-civ-spouse,Prof-specialty,Husband,White,Male,0,0,45,United-States,>50K
30,Private,54334,9th,5,Never-married,Sales,Not-in-family,White,Male,0,0,40,United-States,<=50K
44,Private,198282,Bachelors,13,Married-civ-spouse,Exec-managerial,Husband,White,Male,15024,0,60,United-States,>50K
44,Private,205019,Assoc-acdm,12,Divorced,Tech-support,Unmarried,White,Female,0,0,40,United-States,<=50K
32,Private,124744,Some-college,10,Married-civ-spouse,Prof-specialty,Other-relative,White,Male,0,0,20,United-States,<=50K
31,Private,507875,9th,5,Married-civ-spouse,Machine-op-inspct,Husband,White,Male,0,0,43,United-States,<=50K
45,Private,159937,HS-grad,9,Married-civ-spouse,Craft-repair,Husband,White,Male,0,0,40,United-States,<=50K
43,Private,193524,Doctorate,16,Married-civ-spouse,Prof-specialty,Husband,White,Male,0,0,60,United-States,>50K
28,Private,280464,Some-college,10,Married-civ-spouse,Exec-managerial,Wife,Black,Female,0,0,80,United-States,>50K
37,Private,280464,Some-college,10,Married-civ-spouse,Exec-managerial,Husband,White,Male,0,0,80,United-States,>50K
50,Private,216666,5th-6th,3,Married-civ-spouse,Machine-op-inspct,Husband,White,Male,0,0,40,Mexico,<=50K
52,Federal-gov,59951,Bachelors,13,Married-civ-spouse,Prof-specialty,Husband,White,Male,0,0,40,United-States,<=50K
32,Private,51618,HS-grad,9,Married-civ-spouse,Other-service,Wife,White,Female,0,0,40,United-States,<=50K
53,Private,159937,HS-grad,9,Married-civ-spouse,Sales,Husband,White,Male,0,0,45,United-States,<=50K
48,Private,242406,11th,7,Never-married,Machine-op-inspct,Unmarried,White,Male,0,0,40,Puerto-Rico,<=50K
59,Private,159937,HS-grad,9,Married-civ-spouse,Sales,Husband,White,Male,0,0,48,United-States,<=50K
37,Private,544091,HS-grad,9,Married-civ-spouse,Craft-repair,Husband,White,Male,0,0,40,United-States,<=50K
34,Private,234721,11th,7,Married-civ-spouse,Handlers-cleaners,Husband,White,Male,0,0,40,United-States,<=50K
48,Private,149640,HS-grad,9,Married-civ-spouse,Transport-moving,Husband,White,Male,0,0,40,United-States,<=50K
23,Private,122272,Bachelors,13,Never-married,Adm-clerical,Own-child,White,Male,0,0,30,United-States,<=50K
46,Private,51618,HS-grad,9,Married-civ-spouse,Other-service,Husband,White,Male,0,0,40,United-States,<=50K
34,Local-gov,226296,Bachelors,13,Married-civ-spouse,Protective-serv,Husband,White,Male,0,0,40,United-States,>50K
48,Private,171095,Assoc-acdm,12,Married-civ-spouse,Other-service,Husband,White,Male,0,0,40,England,<=50K
27,Private,213921,HS-grad,9,Never-married,Other-service,Own-child,White,Male,0,0,40,Mexico,<=50K
20,Private,266015,Some-college,10,Never-married,Sales,Own-child,White,Male,0,0,44,United-States,<=50K
30,Private,54334,9th,5,Never-married,Sales,Not-in-family,White,Male,0,0,40,United-States,<=50K
41,Private,346253,HS-grad,9,Divorced,Sales,Own-child,White,Female,0,0,35,United-States,<=50K
44,Private,237993,Some-college,10,Married-civ-spouse,Tech-support,Husband,White,Male,0,0,40,United-States,>50K
41,Private,147372,HS-grad,9,Married-civ-spouse,Adm-clerical,Husband,White,Male,0,0,48,United-States,<=50K
27,Private,213921,HS-grad,9,Never-married,Other-service,Own-child,White,Male,0,0,40,Mexico,<=50K
49,Private,249977,Assoc-voc,11,Never-married,Prof-specialty,Not-in-family,White,Male,0,0,40,United-States,<=50K
43,Private,94638,HS-grad,9,Divorced,Adm-clerical,Not-in-family,White,Male,0,0,40,United-States,<=50K
52,Private,168294,HS-grad,9,Married-civ-spouse,Craft-repair,Husband,White,Male,0,0,40,United-States,<=50K
57,Private,51618,HS-grad,9,Married-civ-spouse,Other-service,Husband,White,Male,0,0,40,United-States,<=50K
43,Federal-gov,410867,Doctorate,16,Never-married,Prof-specialty,Not-in-family,White,Female,0,0,50,United-States,>50K
34,Private,245487,7th-8th,4,Married-civ-spouse,Machine-op-inspct,Husband,White,Male,0,0,40,Mexico,<=50K
49,Local-gov,268234,HS-grad,9,Married-civ-spouse,Protective-serv,Husband,White,Male,0,0,40,United-States,>50K
25,Private,159937,HS-grad,9,Married-civ-spouse,Sales,Husband,White,Male,0,0,48,United-States,<=50K
20,Private,266015,Some-college,10,Never-married,Sales,Own-child,White,Male,0,0,44,United-States,<=50K
48,Private,184582,HS-grad,9,Married-civ-spouse,Craft-repair,Husband,White,Male,0,0,40,United-States,<=50K
29,Private,507875,9th,5,Never-married,Sales,Not-in-family,White,Male,0,0,44,United-States,<=50K
28,Private,221483,Some-college,10,Married-civ-spouse,Sales,Husband,White,Male,0,0,48,United-States,<=50K
52,Self-emp-not-inc,209642,HS-grad,9,Married-civ-spouse,Exec-managerial,Husband,White,Male,0,0,45,United-States,>50K
59,Private,186824,HS-grad,9,Never-married,Machine-op-inspct,Unmarried,White,Male,0,0,40,United-States,<=50K
47,Self-emp-inc,109832,HS-grad,9,Divorced,Exec-managerial,Not-in-family,White,Male,0,0,60,United-States,<=50K
48,Self-emp-not-inc,265477,Assoc-acdm,12,Married-civ-spouse,Prof-specialty,Husband,White,Male,0,0,40,United-States,<=50K
45,Private,446839,HS-grad,9,Divorced,Sales,Not-in-family,White,Male,0,0,40,United-States,<=50K
37,Private,105598,Some-college,10,Divorced,Tech-support,Not-in-family,Black,Male,0,0,58,United-States,<=50K
30,Private,54334,9th,5,Never-married,Sales,Not-in-family,White,Male,0,0,40,United-States,<=50K
53,Self-emp-not-inc,176756,HS-grad,9,Married-civ-spouse,Farming-fishing,Husband,White,Male,0,0,35,United-States,<=50K
46,Private,271466,Assoc-voc,11,Married-civ-spouse,Prof-specialty,Husband,White,Male,0,0,40,Cuba,<=50K
53,Private,346253,HS-grad,9,Divorced,Sales,Own-child,White,Female,0,0,35,United-States,<=50K
59,Private,159937,HS-grad,9,Married-civ-spouse,Sales,Husband,White,Male,0,0,48,United-States,<=50K
37,Private,286730,Some-college,10,Divorced,Exec-managerial,Not-in-family,White,Male,0,0,80,United-States,<=50K
29,Private,289980,Bachelors,13,Separated,Sales,Own-child,White,Male,0,0,40,United-States,<=50K
47,Self-emp-not-inc,191681,Some-college,10,Married-civ-spouse,Exec-managerial,Husband,White,Male,0,0,60,United-States,>50K
44,Private,160187,9th,5,Married-spouse-absent,Other-service,Not-in-family,White,Male,0,0,16,Mexico,<=50K
43,Private,160187,9th,5,Married-spouse-absent,Other-service,Not-in-family,White,Male,0,0,16,Jamaica,<=50K
37,Private,198282,Bachelors,13,Married-civ-spouse,Exec-managerial,Husband,White,Male,15024,0,60,United-States,>50K
29,Private,28334,9th,5,Never-married,Sales,Not-in-family,White,Male,0,0,40,United-States,<=50K
42,Private,132616,HS-grad,9,Married-civ-spouse,Transport-moving,Husband,White,Male,0,0,40,United-States,>50K
23,Local-gov,190709,Assoc-acdm,12,Never-married,Protective-serv,Not-in-family,White,Male,0,0,52,United-States,<=50K
39,State-gov,141297,Bachelors,13,Married-civ-spouse,Prof-specialty,Husband,White,Male,0,0,40,United-States,>50K
29,Private,367260,HS-grad,9,Divorced,Exec-managerial,Not-in-family,White,Male,0,0,80,United-States,<=50K
59,Private,159937,HS-grad,9,Married-civ-spouse,Sales,Husband,White,Male,0,0,48,United-States,<=50K
49,Self-emp-not-inc,22583,Some-college,10,Divorced,Exec-managerial,Not-in-family,White,Male,0,0,80,United-States,<=50K
21,Local-gov,189265,HS-grad,9,Never-married,Adm-clerical,Not-in-family,White,Male,0,0,40,United-States,<=50K
31,Private,211678,Some-college,10,Never-married,Machine-op-inspct,Not-in-family,White,Male,0,0,40,United-States,<=50K
30,Private,54334,9th,5,Never-married,Sales,Not-in-family,White,Male,0,0,40,United-States,<=50K
37,Private,280464,Some-college,10,Married-civ-spouse,Exec-managerial,Husband,Black,Male,0,0,80,United-States,>50K
43,Private,155537,HS-grad,9,Divorced,Craft-repair,Unmarried,White,Female,7688,0,40,United-States,>50K
19,Private,160187,11th,7,Never-married,Other-service,Own-child,White,Male,0,0,16,United-States,<=50K
49,Private,122272,Bachelors,13,Married-civ-spouse,Sales,Husband,White,Male,0,0,70,United-States,<=50K
50,Private,171095,Assoc-acdm,12,Married-civ-spouse,Exec-managerial,Husband,White,Male,0,0,40,England,<=50K
59,Private,159937,HS-grad,9,Married-civ-spouse,Sales,Husband,White,Male,0,0,48,United-States,<=50K
54,State-gov,64638,HS-grad,9,Married-civ-spouse,Adm-clerical,Husband,White,Male,2174,0,40,United-States,<=50K
49,Private,94638,HS-grad,9,Separated,Adm-clerical,Unmarried,White,Female,0,0,40,United-States,<=50K
34,Private,202051,Masters,14,Married-civ-spouse,Prof-specialty,Husband,White,Male,0,0,50,United-States,<=50K
25,Self-emp-not-inc,162298,Bachelors,13,Married-civ-spouse,Sales,Husband,White,Male,0,0,70,United-States,>50K
47,Private,292175,Masters,14,Divorced,Exec-managerial,Unmarried,White,Female,0,0,45,United-States,>50K
20,Private,266015,Some-college,10,Never-married,Sales,Own-child,Black,Male,0,0,44,United-States,<=50K
30,Private,194901,11th,7,Never-married,Handlers-cleaners,Own-child,White,Male,0,0,40,United-States,<=50K
45,Private,188300,Some-college,10,Never-married,Tech-support,Own-child,White,Female,0,0,40,United-States,<=50K
37,Private,286730,Some-college,10,Divorced,Exec-managerial,Not-in-family,White,Male,0,0,50,United-States,<=50K
52,Private,276515,Bachelors,13,Married-civ-spouse,Sales,Husband,White,Male,0,0,40,Cuba,>50K
41,State-gov,77516,Bachelors,13,Married-civ-spouse,Tech-support,Husband,Black,Male,0,0,50,United-States,<=50K
31,Private,271466,Assoc-voc,11,Never-married,Prof-specialty,Not-in-family,White,Male,0,0,43,United-States,<=50K
41,Private,147372,HS-grad,9,Married-civ-spouse,Adm-clerical,Husband,White,Male,0,0,48,United-States,<=50K
48,Self-emp-not-inc,265477,Assoc-acdm,12,Married-civ-spouse,Prof-specialty,Husband,White,Male,0,0,40,United-States,<=50K
29,Private,544091,HS-grad,9,Divorced,Craft-repair,Not-in-family,White,Female,0,0,40,United-States,<=50K
79,Private,124744,Some-college,10,Married-civ-spouse,Prof-specialty,Other-relative,White,Female,0,0,20,United-States,<=50K
59,Private,155537,HS-grad,9,Married-civ-spouse,Craft-repair,Wife,White,Female,0,0,40,United-States,<=50K
37,Private,286730,Some-college,10,Divorced,Tech-support,Unmarried,White,Male,0,0,40,United-States,<=50K
50,Federal-gov,249409,HS-grad,9,Never-married,Other-service,Own-child,White,Female,0,0,40,United-States,<=50K
40,Private,193524,Doctorate,16,Married-civ-spouse,Prof-specialty,Husband,White,Male,0,0,60,United-States,>50K
59,Federal-gov,76845,9th,5,Married-civ-spouse,Farming-fishing,Husband,White,Male,0,0,40,United-States,<=50K
59,Private,101509,Some-college,10,Married-civ-spouse,Prof-specialty,Husband,Black,Male,0,0,50,United-States,<=50K
53,Private,186824,HS-grad,9,Never-married,Craft-repair,Own-child,White,Female,0,0,40,United-States,<=50K
47,Private,51835,Prof-school,15,Married-civ-spouse,Prof-specialty,Wife,White,Female,0,1902,60,Honduras,>50K
47,Federal-gov,76845,9th,5,Married-civ-spouse,Farming-fishing,Wife,White,Female,0,0,40,United-States,<=50K
41,Private,160187,11th,7,Married-civ-spouse,Other-service,Wife,White,Female,0,0,16,United-States,<=50K
35,Private,56352,Assoc-voc,11,Married-civ-spouse,Other-service,Husband,White,Male,0,0,40,Puerto-Rico,<=50K
25,Private,28887,11th,7,Married-civ-spouse,Sales,Husband,White,Male,0,0,50,United-States,<=50K
53,Private,289980,HS-grad,9,Married-civ-spouse,Adm-clerical,Wife,White,Female,0,0,40,United-States,<=50K
32,Federal-gov,249409,HS-grad,9,Never-married,Other-service,Own-child,Black,Male,0,0,40,United-States,<=50K
50,Self-emp-not-inc,83311,Bachelors,13,Married-civ-spouse,Exec-managerial,Husband,White,Male,0,0,13,United-States,<=50K
42,Private,159449,Bachelors,13,Married-civ-spouse,Exec-managerial,Husband,White,Male,5178,0,40,United-States,>50K
47,Private,28887,11th,7,Married-civ-spouse,Other-service,Wife,White,Female,0,0,20,United-States,<=50K
43,Federal-gov,410867,Doctorate,16,Never-married,Prof-specialty,Not-in-family,White,Female,0,0,50,United-States,>50K
49,Local-gov,125927,7th-8th,4,Married-civ-spouse,Farming-fishing,Husband,White,Male,0,0,40,United-States,<=50K
49,Private,213921,HS-grad,9,Married-civ-spouse,Other-service,Husband,White,Male,0,0,40,Mexico,<=50K
46,Private,51618,HS-grad,9,Married-civ-spouse,Other-service,Husband,White,Male,0,0,40,United-States,<=50K
59,Private,544091,HS-grad,9,Married-AF-spouse,Adm-clerical,Husband,White,Male,0,0,25,United-States,<=50K
42,Private,211678,Some-college,10,Married-civ-spouse,Machine-op-inspct,Husband,White,Male,0,0,40,United-States,>50K
38,Private,28334,9th,5,Never-married,Sales,Not-in-family,White,Male,0,0,40,United-States,<=50K
53,Private,276515,Bachelors,13,Married-civ-spouse,Other-service,Husband,White,Male,0,0,40,Cuba,<=50K
18,Private,105598,Some-college,10,Divorced,Tech-support,Not-in-family,White,Male,0,0,58,United-States,<=50K
45,Federal-gov,251585,Bachelors,13,Divorced,Exec-managerial,Not-in-family,White,Male,0,0,55,United-States,>50K
46,Private,216666,5th-6th,3,Married-civ-spouse,Machine-op-inspct,Husband,White,Male,0,0,40,Mexico,<=50K
53,Private,346253,HS-grad,9,Divorced,Sales,Own-child,White,Female,0,0,35,United-States,<=50K
29,Private,507875,9th,5,Never-married,Machine-op-inspct,Not-in-family,White,Male,0,0,25,United-States,<=50K
30,State-gov,141297,Bachelors,13,Married-civ-spouse,Prof-specialty,Husband,Asian-Pac-Islander,Male,0,0,40,India,>50K
49,Private,302146,HS-grad,9,Separated,Other-service,Unmarried,Black,Female,0,0,20,United-States,<=50K
29,Local-gov,268234,HS-grad,9,Married-civ-spouse,Protective-serv,Husband,White,Male,0,0,40,United-States,>50K
53,Private,155537,HS-grad,9,Divorced,Craft-repair,Unmarried,White,Female,0,0,40,United-States,<=50K
31,Local-gov,115585,Some-college,10,Never-married,Handlers-cleaners,Not-in-family,White,Male,0,0,50,United-States,<=50K
43,Private,309974,Bachelors,13,Divorced,Exec-managerial,Own-child,White,Male,0,1408,40,United-States,<=50K
43,Private,286730,Some-college,10,Divorced,Craft-repair,Unmarried,White,Female,0,0,40,United-States,<=50K
53,Private,186824,HS-grad,9,Never-married,Machine-op-inspct,Unmarried,White,Male,0,0,40,United-States,<=50K
43,Private,117037,11th,7,Married-civ-spouse,Transport-moving,Husband,White,Male,0,2042,40,United-States,<=50K
18,Private,190709,Assoc-acdm,12,Never-married,Protective-serv,Not-in-family,White,Male,0,0,52,United-States,<=50K
30,Private,194901,11th,7,Never-married,Handlers-cleaners,Own-child,White,Male,0,0,40,United-States,<=50K
27,Private,105598,Some-college,10,Married-civ-spouse,Tech-support,Husband,White,Male,0,0,58,United-States,<=50K
48,Private,160187,9th,5,Married-spouse-absent,Other-service,Not-in-family,White,Male,0,0,16,Puerto-Rico,<=50K
59,Private,159937,HS-grad,9,Married-civ-spouse,Sales,Husband,White,Male,2407,0,48,United-States,<=50K
19,Private,544091,HS-grad,9,Married-AF-spouse,Adm-clerical,Wife,White,Female,0,0,25,United-States,<=50K
25,Private,32275,Some-college,10,Married-civ-spouse,Exec-managerial,Wife,White,Female,0,0,40,United-States,<=50K
49,Private,124744,Some-college,10,Married-civ-spouse,Prof-specialty,Other-relative,White,Male,0,0,20,United-States,<=50K
48,Private,186824,HS-grad,9,Never-married,Machine-op-inspct,Unmarried,White,Male,0,0,40,United-States,<=50K
35,Private,367260,HS-grad,9,Married-civ-spouse,Exec-managerial,Husband,White,Male,0,0,80,United-States,<=50K
27,Private,216851,Bachelors,13,Married-civ-spouse,Tech-support,Husband,White,Male,0,0,40,United-States,>50K
23,Local-gov,190709,Assoc-acdm,12,Never-married,Protective-serv,Not-in-family,White,Male,0,0,52,United-States,<=50K
31,Private,141297,Bachelors,13,Married-civ-spouse,Sales,Husband,White,Male,0,0,70,United-States,>50K
28,Private,245487,7th-8th,4,Never-married,Adm-clerical,Not-in-family,White,Female,0,0,40,United-States,<=50K
41,Private,284582,Masters,14,Married-civ-spouse,Exec-managerial,Wife,White,Female,0,0,40,United-States,<=50K
48,Self-emp-not-inc,176756,HS-grad,9,Never-married,Farming-fishing,Own-child,White,Male,0,0,35,United-States,<=50K
53,Private,346253,HS-grad,9,Divorced,Sales,Own-child,White,Female,0,0,35,United-States,<=50K
52,Self-emp-not-inc,83311,Bachelors,13,Married-civ-spouse,Exec-managerial,Husband,White,Male,0,0,13,United-States,<=50K
21,Private,197200,Some-college,10,Never-married,Machine-op-inspct,Own-child,White,Male,0,0,40,United-States,<=50K
37,Private,169846,HS-grad,9,Married-civ-spouse,Adm-clerical,Husband,White,Male,0,0,40,United-States,>50K
49,Private,122272,Bachelors,13,Married-civ-spouse,Sales,Husband,White,Male,0,0,40,United-States,<=50K
47,Private,51835,Prof-school,15,Married-civ-spouse,Prof-specialty,Wife,White,Female,0,1902,60,United-States,>50K
59,State-gov,109015,Some-college,10,Divorced,Tech-support,Unmarried,White,Male,0,0,40,United-States,<=50K
49,Private,309634,11th,7,Never-married,Other-service,Own-child,White,Male,0,0,22,United-States,<=50K
37,Private,202683,Some-college,10,Married-civ-spouse,Sales,Husband,White,Male,0,0,48,United-States,>50K
38,Private,205019,Assoc-acdm,12,Never-married,Sales,Not-in-family,White,Male,0,0,50,United-States,<=50K
29,Private,105598,Some-college,10,Divorced,Tech-support,Not-in-family,White,Male,0,0,58,United-States,<=50K
31,Private,147372,HS-grad,9,Married-civ-spouse,Adm-clerical,Wife,White,Female,0,0,48,United-States,<=50K
18,Private,309634,11th,7,Never-married,Other-service,Own-child,White,Male,0,0,22,United-States,<=50K
25,Private,193366,HS-grad,9,Married-civ-spouse,Craft-repair,Husband,White,Male,0,0,40,United-States,<=50K
47,Private,94638,HS-grad,9,Separated,Adm-clerical,Unmarried,White,Female,0,0,40,United-States,<=50K
47,Private,188300,Some-college,10,Divorced,Exec-managerial,Unmarried,White,Female,0,0,40,United-States,<=50K
53,Private,346253,HS-grad,9,Divorced,Sales,Own-child,White,Male,0,0,35,United-States,<=50K
29,Private,101509,Some-college,10,Never-married,Prof-specialty,Not-in-family,White,Male,0,0,32,United-States,<=50K
48,Federal-gov,249409,HS-grad,9,Never-married,Other-service,Own-child,White,Male,0,0,40,United-States,<=50K
31,Local-gov,189265,HS-grad,9,Never-married,Adm-clerical,Not-in-family,White,Male,0,0,40,United-States,<=50K
47,Private,124744,Some-college,10,Married-civ-spouse,Prof-specialty,Other-relative,White,Male,0,0,20,United-States,<=50K
31,Private,149116,Bachelors,13,Married-civ-spouse,Sales,Husband,White,Male,2407,0,40,United-States,<=50K
47,Self-emp-not-inc,83311,Bachelors,13,Married-civ-spouse,Exec-managerial,Husband,White,Male,0,0,13,United-States,<=50K
59,Private,172987,Bachelors,13,Married-civ-spouse,Exec-managerial,Husband,White,Male,0,0,50,United-States,<=50K
19,Private,544091,HS-grad,9,Married-AF-spouse,Adm-clerical,Husband,White,Male,0,0,25,United-States,<=50K
30,Private,197200,Some-college,10,Never-married,Machine-op-inspct,Own-child,White,Male,0,0,40,United-States,<=50K
57,Private,249977,Assoc-voc,11,Married-civ-spouse,Prof-specialty,Wife,White,Female,0,0,40,United-States,<=50K
53,Private,346253,HS-grad,9,Divorced,Sales,Own-child,White,Female,0,0,35,United-States,<=50K
53,Private,346253,HS-grad,9,Divorced,Sales,Own-child,White,Female,0,0,35,United-States,<=50K
49,Private,194901,11th,7,Never-married,Handlers-cleaners,Own-child,White,Male,0,0,40,United-States,<=50K
52,Private,209642,HS-grad,9,Married-civ-spouse,Exec-managerial,Husband,White,Male,0,0,45,United-States,>50K
46,Private,216666,5th-6th,3,Married-civ-spouse,Machine-op-inspct,Husband,White,Male,0,0,40,Mexico,<=50K
32,Private,245487,7th-8th,4,Married-civ-spouse,Machine-op-inspct,Husband,White,Male,0,0,40,United-States,<=50K
